{"cameraMode":{"drawMode":0,"name":"Shaded","section":"Shading Mode"},"sceneLighting":true,"audioPlay":false,"sceneViewState":{"showFog":true,"showMaterialUpdate":false,"showSkybox":true,"showFlares":true,"showImageEffects":true,"showParticleSystems":true},"in2DMode":false,"pivot":{"x":1.0625932216644288,"y":2.3387115001678469,"z":2.372391939163208},"rotation":{"x":-0.10433065891265869,"y":0.8146559596061707,"z":-0.15484674274921418,"w":-0.5491403341293335},"size":0.8660253882408142,"orthographic":false}