{"cameraMode":{"drawMode":0,"name":"Shaded","section":"Shading Mode"},"sceneLighting":false,"audioPlay":false,"sceneViewState":{"showFog":true,"showMaterialUpdate":false,"showSkybox":false,"showFlares":true,"showImageEffects":true,"showParticleSystems":true},"in2DMode":false,"pivot":{"x":-1.9278879165649415,"y":11.18497371673584,"z":26.302255630493165},"rotation":{"x":-0.019101696088910104,"y":0.9804320335388184,"z":-0.15300463140010835,"w":-0.12239862233400345},"size":2.1247448921203615,"orthographic":false}