{"cameraMode":{"drawMode":0,"name":"Shaded","section":"Shading Mode"},"sceneLighting":true,"audioPlay":false,"sceneViewState":{"showFog":true,"showMaterialUpdate":false,"showSkybox":true,"showFlares":true,"showImageEffects":true,"showParticleSystems":true},"in2DMode":false,"pivot":{"x":-52.528072357177737,"y":38.904476165771487,"z":-30.009836196899415},"rotation":{"x":-0.05508929863572121,"y":0.5113021731376648,"z":0.03286733478307724,"w":0.857046365737915},"size":4.330127239227295,"orthographic":false}