{"cameraMode":{"drawMode":0,"name":"Shaded","section":"Shading Mode"},"sceneLighting":true,"audioPlay":false,"sceneViewState":{"showFog":true,"showMaterialUpdate":false,"showSkybox":true,"showFlares":true,"showImageEffects":true,"showParticleSystems":true},"in2DMode":false,"pivot":{"x":16.49160385131836,"y":-5.866049766540527,"z":-22.319971084594728},"rotation":{"x":0.055262427777051929,"y":0.9447352886199951,"z":-0.22700102627277375,"w":0.22999216616153718},"size":26.637863159179689,"orthographic":false}